title,url
Literary Tourism: A Magical Harry Potter Guidebook to Scotland and England,https://bookriot.com/2017/11/12/literary-tourism-magical-harry-potter-guidebook-scotland-england/
Literary Tourism: Cambridge UK,https://bookriot.com/2017/10/15/literary-tourism-cambridge-uk/
"Literary Tourism: Pittsburgh, PA",https://bookriot.com/2017/10/01/literary-tourism-pittsburgh-pa/
"Literary Tourism: Cleveland, Ohio",https://bookriot.com/2017/09/17/literary-tourism-cleveland-ohio/
Literary Tourism: Storybook Island in South Dakota,https://bookriot.com/2017/09/03/literary-tourism-storybook-island-south-dakota/
"Literary Tourism: Saskatchewan, Canada",https://bookriot.com/2017/08/20/literary-tourism-saskatchewan-canada/
Literary Tourism Central Pennsylvania,https://bookriot.com/2017/08/13/literary-tourism-central-pennsylvania/
"Literary Tourism: Cartagena de Indias, Colombia",https://bookriot.com/2017/07/30/literary-tourism-cartagena-de-indias-colombia/
"Literary Tourism: County Kerry, Ireland",https://bookriot.com/2017/07/23/literary-tourism-county-kerry-ireland/
Literary Tourism: Jane Austen-Themed Destinations,https://bookriot.com/2017/07/18/literary-tourism-jane-austen-themed-destination/
"Literary Tourism: Orlando, Florida",https://bookriot.com/2017/07/16/literary-tourism-orlando-florida/
Literary Tourism: Munich Germany,https://bookriot.com/2017/07/02/literary-tourism-munich-germany/
Literary Tourism: An Off-the-Map Bookish Tour of Chicago,https://bookriot.com/2017/06/14/614-literary-tourism-an-off-the-map-bookish-tour-of-chicago/
"Literary Tourism: Lincoln, Nebraska",https://bookriot.com/2017/06/11/literary-tourism-lincoln-nebraska/
"Literary Tourism: Phoenix Metro Area, AZ",https://bookriot.com/2017/06/04/literary-tourism-phoenix-metro-area-az/
Literary Tourism: Seattle (Take Two),https://bookriot.com/2017/05/28/literary-tourism-seattle-take-two/
Literary Tourism: Travel The World’s Book Towns,https://bookriot.com/2017/05/21/literary-tourism-travel-worlds-book-towns/
Literary Tourism: Hudson Valley,https://bookriot.com/2017/05/14/literary-tourism-hudson-valley/
"Literary Tourism: Portland, Maine",https://bookriot.com/2017/05/07/literary-tourism-portland-maine/
"Literary Tourism: Halifax, Nova Scotia",https://bookriot.com/2017/04/30/literary-tourism-halifax-nova-scotia/
The Best Bookstores in All 50 States + DC,https://bookriot.com/2017/04/28/book-riots-favorite-bookstores-in-all-50-states-dc/
"Literary Tourism: Asheville, NC",https://bookriot.com/2017/04/23/literary-tourism-asheville-nc/
Literary Tourism: 4 UNESCO Cities of Literature You Might Want to Visit,https://bookriot.com/2017/04/16/literary-tourism-4-unesco-cities-literature-might-want-visit/
"Literary Tourism: Rome, Italy",https://bookriot.com/2017/02/26/literary-tourism-rome-italy/
Literary Tourism: Idaho,https://bookriot.com/2017/02/19/literary-tourism-idaho/
Literary Tourism: Cairo for Book Lovers,https://bookriot.com/2017/02/12/literary-tourism-cairo-book-lovers/
"Literary Tour of Chincoteague, Virginia",https://bookriot.com/2017/01/22/literary-tour-chincoteague-virginia/
"A Literary Tour of Lewes, UK",https://bookriot.com/2017/01/08/literary-tour-lewes-uk/
Wintery Bookish Travel Spots (And Staycations),https://bookriot.com/2016/12/20/wintery-bookish-travel-spots-and-staycations/
Literary Tourism: The Baby-Sitters Club Pilgrimage Tour,https://bookriot.com/2016/12/18/literary-tourism-the-baby-sitters-club-pilgrimage-tour/
Literary Tourism: Agatha Christie,https://bookriot.com/2016/12/11/literary-tourism-agatha-christie/
"Bangladeshi Comic ‘Ms Shabash’ Fights Whitening Creams, Auntybots",https://bookriot.com/2016/11/30/bangladeshi-comic-ms-shabash-fights-whitening-creams-auntybots/
"Literary Tourism: Traverse City, Michigan",https://bookriot.com/2016/11/27/literary-tourism-traverse-city-michigan/
Literary Tourism: Big Sur and Monterey,https://bookriot.com/2016/11/20/literary-tourism-big-sur-monterey/
Reading Locally When You Travel,https://bookriot.com/2016/11/16/reading-locally-when-you-travel/
Literary Tourism: Bookish Wanderings in Glasgow,https://bookriot.com/2016/11/06/literary-tourism-bookish-wanderings-glasgow/
Literary Tourism: Japan,https://bookriot.com/2016/10/30/literary-tourism-japan/
"Happy Birthday, Dylan Thomas!",https://bookriot.com/2016/10/27/happy-birthday-dylan-thomas/
Literary Tourism: Martha’s Vineyard,https://bookriot.com/2016/10/16/literary-tourism-marthas-vineyard/
Literary Tourism: Morocco,https://bookriot.com/2016/10/09/literary-tourism-morocco/
Literary Tourism: Marfa & Greater West Texas,https://bookriot.com/2016/09/25/literary-tourism-marfa-greater-west-texas/
"Literary Tourism: Melbourne, Australia",https://bookriot.com/2016/09/18/literary-tourism-melbourne-australia/
"Literary Tourism: Bookish History in New Orleans, LA",https://bookriot.com/2016/09/04/literary-tourism-bookish-history-new-orleans-la/
Literary Tourism: The University of Iowa,https://bookriot.com/2016/08/28/literary-tourism-university-iowa/
"Literary Tourism: Cincinnati, Ohio",https://bookriot.com/2016/08/21/literary-tourism-cincinnati-ohio/
Literary Tourism: Metro Manila,https://bookriot.com/2016/08/14/literary-tourism-metro-manila/
"Literary Tourism: Montpelier, VT",https://bookriot.com/2016/08/07/literary-tourism-montpelier-vt/
"Literary Tourism: York, United Kingdom",https://bookriot.com/2016/07/31/literary-tourism-york-united-kingdom/
"Literary Tourism: Lima, Peru",https://bookriot.com/2016/07/24/literary-tourism-lima-peru/
Literary Tourism: The Adirondacks,https://bookriot.com/2016/07/17/literary-tourism-adirondacks/
"Literary Tourism: Montclair, New Jersey",https://bookriot.com/2016/06/26/literary-tourism-montclair-new-jersey/
"Literary Tourism: Indianapolis, Indiana",https://bookriot.com/2016/06/19/literary-tourism-indianapolis-indiana/
"Literary Tourism: Murals of Adorable Oak Park, IL",https://bookriot.com/2016/06/12/literary-tourism-murals-adorable-oak-park-il/
Literary Tourism: Nantucket,https://bookriot.com/2016/06/05/literary-tourism-nantucket/
Literary Tourism: Loud Library Collections and Rockin’ Books,https://bookriot.com/2016/05/29/literary-tourism-loud-library-collections-rockin-books/
The Tote Bags of Book Expo America,https://bookriot.com/2016/05/18/the-tote-bags-of-book-expo-america/
Discovering Hemingway in Cuba,https://bookriot.com/2016/05/10/discovering-hemingway-cuba/
The Book Riot Guide to Chicago for Book Expo America,https://bookriot.com/2016/05/10/the-book-riot-guide-to-chicago/
Literary Tourism: Istanbul,https://bookriot.com/2016/04/10/literary-tourism-istanbul/
Literary Tourism: Providence,https://bookriot.com/2016/03/27/literary-tourism-providence/
Literary Tourism: Montréal,https://bookriot.com/2016/02/28/literary-tourism-montreal/
Literary Tourism: Puerto Rico,https://bookriot.com/2016/02/21/literary-tourism-puerto-rico/
Literary Tourism: San Francisco,https://bookriot.com/2016/01/24/literary-tourism-san-francisco/
Literary Tourism: Ireland Outside of Dublin,https://bookriot.com/2016/01/17/literary-tourism-ireland-outside-dublin/
Literary Tourism: Toronto (Again!),https://bookriot.com/2015/12/19/literary-tourism-toronto-2/
"Literary Tourism: Alnwick, United Kingdom",https://bookriot.com/2015/12/13/literary-tourism-alnwick-united-kingdom/
"Literary Tourism: Salem, Massachusetts",https://bookriot.com/2015/12/06/literary-tourism-salem-massachusetts/
"Literary Tourism: Hartford, Connecticut",https://bookriot.com/2015/11/22/literary-tourism-hartford-connecticut/
Literary Tourism: Dublin,https://bookriot.com/2015/11/15/literary-tourism-dublin/
Literary Tourism: Philadelphia Suburbs,https://bookriot.com/2015/11/01/literary-tourism-philadelphia-suburbs/
Literary Tourism: Traveling Through West Virginia,https://bookriot.com/2015/10/25/literary-tourism-traveling-west-virginia/
"Literary Tourism: St. Louis, Missouri",https://bookriot.com/2015/10/11/literary-tourism-st-louis-missouri/
"Literary Tourism: Sydney, Australia",https://bookriot.com/2015/10/04/literary-tourism-sydney/
A MIME ORDER Inspired Tour of London,https://bookriot.com/2015/09/27/mime-order-tour/
"Literary Tourism: Memphis, Tennessee",https://bookriot.com/2015/09/20/literary-tourism-memphis-tennessee/
Literary Tourism: Sherlock Holmes,https://bookriot.com/2015/08/30/literary-tourism-sherlock-holmes/
Literary Tourism: Los Angeles,https://bookriot.com/2015/08/23/literary-tourism-los-angeles/
Literary Tourism: Fresno and California’s Central Valley,https://bookriot.com/2015/08/16/literary-tourism-fresno-californias-central-valley/
"Literary Tourism: Gainesville, Florida",https://bookriot.com/2015/08/09/literary-tourism-gainesville-florida/
"Literary Tourism: Rio de Janeiro, Brazil",https://bookriot.com/2015/08/02/literary-tourism-rio-de-janeiro-brazil/
Literary Tourism: Mexico,https://bookriot.com/2015/07/26/literary-tourism-mexico/
Done With Dickens: Books About Life In Contemporary London,https://bookriot.com/2015/07/22/done-dickens-books-life-contemporary-london/
"Literary Tourism: Oak Park, Illinois",https://bookriot.com/2015/07/19/literary-tourism-oak-park-illinois/
"Literary Tourism: Amsterdam, The Netherlands",https://bookriot.com/2015/07/12/literary-tourism-amsterdam-netherlands/
Literary Tourism: Southern Literary Trail,https://bookriot.com/2015/07/06/literary-tourism-southern-literary-trail-2/
"Literary Tourism: Provo, Utah",https://bookriot.com/2015/06/28/literary-tourism-provo-utah/
"Literary Tourism: The Huntington Library in Los Angeles, CA",https://bookriot.com/2015/06/21/literary-tourism-huntington-library-los-angeles-ca/
"Literary Tourism: Champaign-Urbana, Illinois",https://bookriot.com/2015/05/17/literary-tourism-champaign-urbana-illinois/
Literary Tourism: Israel,https://bookriot.com/2015/05/10/literary-tourism-israel/
Literary Tourism: Iowa,https://bookriot.com/2015/05/03/literary-tourism-iowa/
Literary Tourism: American Author Museums,https://bookriot.com/2015/04/19/literary-tourism-american-author-museums/
"Literary Tourism: Classic Charlottesville, Virginia",https://bookriot.com/2015/04/12/literary-tourism-classic-charlottesville-virginia/
Literary Tourism: Southern Literary Trail,https://bookriot.com/2015/03/29/literary-tourism-southern-literary-trail/
"Literary Tourism: Galveston, TX",https://bookriot.com/2015/03/08/literary-tourism-galveston-tx/
"Literary Tourism: Venice, Italy",https://bookriot.com/2015/02/15/literary-tourism-venice-italy/
"Literary Tourism:  St. Petersburg, Russia",https://bookriot.com/2015/02/01/literary-tourism-st-petersburg-russia/
Literary Tourism: Philadelphia,https://bookriot.com/2015/01/25/literary-tourism-philadelphia/
Literary Tourism: Stockholm,https://bookriot.com/2015/01/18/literary-tourism-stockholm/
Literary Tourism: Real Landmarks Made Famous By Fiction,https://bookriot.com/2015/01/11/real-landmarks-famous-fiction/
"Literary Tourism: Bozeman, Montana",https://bookriot.com/2014/12/21/literary-tourism-bozeman-montana/
"Literary Tourism: Pittsburgh, PA",https://bookriot.com/2014/12/07/literary-tourism-bookish-finds-pittsburgh/
"Literary Tourism: Jamaica Plain, MA",https://bookriot.com/2014/11/30/literary-tourism-jamaica-plain-ma/
Literary Tourism: Toronto,https://bookriot.com/2014/11/23/literary-tourism-toronto/
Wizarding Tourism: Harry Potter Experiences Around the World,https://bookriot.com/2014/11/21/wizarding-tourism-harry-potter-experiences-around-world/
Literary Tourism: Alaska,https://bookriot.com/2014/11/16/literary-tourism-alaska/
"Literary Tourism: Phoenix, Arizona",https://bookriot.com/2014/11/09/literary-tourism-phoenix-arizona/
Literary Tourism: Ohio,https://bookriot.com/2014/11/02/literary-tourism-ohio/
Literary Tourism: Mississippi’s I-55,https://bookriot.com/2014/10/26/literary-tourism-mississippis-55/
"Literary Tourism: Las Vegas, Nevada",https://bookriot.com/2014/10/12/literary-tourism-las-vegas-nevada/
Literary Tourism: Antarctica,https://bookriot.com/2014/10/05/literary-tourism-antarctica/
Literary Tourism: Lowcountry Literary Roadtrip,https://bookriot.com/2014/09/28/literary-tourism-lowcountry-literary-roadtrip/
Literary Tourism: Tokyo,https://bookriot.com/2014/09/21/literary-tourism-tokyo/
"Literary Tourism: Oxford, England",https://bookriot.com/2014/09/14/literary-tourism-oxford-england/
Literary Tourism: Portugal,https://bookriot.com/2014/09/07/literary-tourism-portugal/
Literary Tourism: The Great Plains,https://bookriot.com/2014/08/31/literary-tourism-great-plains/
"Literary Tourism: Tucson, Arizona",https://bookriot.com/2014/08/24/literary-tourism-tucson-arizona/
Literary Tourism: Upper East Tennessee,https://bookriot.com/2014/08/17/literary-tourism-knoxville-tn/
"Literary Tourism: Children’s Fairyland in Oakland, CA",https://bookriot.com/2014/08/10/literary-tourism-childrens-fairyland-oakland-ca/
Literary Tourism: Maine,https://bookriot.com/2014/08/03/literary-tourism-maine/
Literary Tourism: Seattle,https://bookriot.com/2014/07/27/literary-tourism-seattle/
"Literary Tourism: Louisville, Kentucky",https://bookriot.com/2014/07/13/literary-tourism-louisville-kentucky/
"Literary Tourism: Lawrence, Kansas",https://bookriot.com/2014/06/29/literary-tourism-lawrence-kansas/
Literary Tourism | Vermont,https://bookriot.com/2014/06/01/literary-tourism-vermont/
Literary Tourism: Boston and Cambridge,https://bookriot.com/2014/05/11/literary-tourism-boston-cambridge/
"Literary Tourism: Norman, Oklahoma",https://bookriot.com/2014/05/04/literary-tourism-norman-oklahoma/
Literary Tourism: Michigan’s Upper Peninsula,https://bookriot.com/2014/04/27/literary-tourism-michigans-upper-peninsula/
"Literary Tourism: Richmond, Virginia",https://bookriot.com/2014/04/20/literary-tourism-richmond-virginia/
"Literary Tourism: Baltimore, Maryland",https://bookriot.com/2014/04/13/literary-tourism-baltimore-maryland/
Literary Tourism: 19th Century Paris,https://bookriot.com/2014/04/06/literary-tourism-19th-century-paris/
"Literary Tourism: Houston, Texas",https://bookriot.com/2014/03/30/literary-tourism-houston-texas/
Literary Tourism: Raleigh – Chapel Hill – Durham,https://bookriot.com/2014/03/23/literary-tourism-raleigh-chapel-hill-durham/
Literary Tourism: Michigan’s Lower Peninsula,https://bookriot.com/2014/03/16/literary-tourism-michigans-lower-peninsula/
Literary Tourism: Berlin,https://bookriot.com/2014/03/09/literary-tourism-berlin/
Literary Tourism: Iceland,https://bookriot.com/2014/03/02/literary-tourism-iceland/
Literary Tourism: Wyoming,https://bookriot.com/2014/02/23/literary-tourism-wyoming/
Literary Tourism: A Book Lover’s Guide to the Twin Cities,https://bookriot.com/2014/02/16/literary-tourism-book-lovers-guide-twin-cities/
"Literary Tourism: Taos, New Mexico",https://bookriot.com/2014/02/09/literary-tourism-taos-new-mexico/
Literary Tourism: A Book Lover’s Guide to Road Tripping Up California’s Coast,https://bookriot.com/2014/02/02/literary-tourism-book-lovers-guide-road-tripping-californias-coast/
"Literary Tourism: A Book Lover’s Guide to Washington, DC",https://bookriot.com/2014/01/19/literary-tourism-book-lovers-guide-to-washington-dc/
Literary Tourism: A Book Lover’s Guide to Colorado’s Front Range,https://bookriot.com/2013/12/22/literary-tourism-book-lovers-guide-colorados-front-range/
"A Literary Tour of Madison, Wisconsin",https://bookriot.com/2013/12/15/literary-tour-madison-wisconsin/
"Literary Tourism – Atlanta, Georgia and The Margaret Mitchell House",https://bookriot.com/2013/12/08/literary-tourism-atlanta-georgia-margaret-mitchell-house/
"Literary Tourism: A Book Lover’s Guide to New Orleans, LA",https://bookriot.com/2013/11/24/literary-tourism-book-lovers-guide-new-orleans-la/
"Literary Tourism: A Book Lover’s Guide to Austin, Texas",https://bookriot.com/2013/11/17/literary-tourism-book-lovers-guide-austin-texas/
Literary Tourism: A Book Lover’s Guide to Portland,https://bookriot.com/2013/11/10/literary-tourism-book-lovers-guide-portland/
"A Literary Tour Of Oxford, Mississippi",https://bookriot.com/2013/11/03/literary-tour-oxford-mississippi/
"Literary Tourism: Fredericton, New Brunswick",https://bookriot.com/2013/10/27/literary-tourism-fredericton-new-brunswick/
